{
  "images": 1.271999999999991,
  "audio": 0,
  "total": 1.271999999999991,
  "budget": 30
}